Rank,Team,Conf,W-L,AdjEM,AdjO,AdjD,AdjT,Luck,SOC AdjEM,SOC OppO,SOC OppD,NCSOS AdjEM
1,Kentucky,SEC,38-1,+36.91,121.3,84.4,62.4,+.048,+8.58,108.7,100.1,+3.13
2,Wisconsin,B10,36-4,+33.72,129.0,95.2,58.7,+.015,+11.03,109.8,98.8,+5.30
3,Duke,ACC,35-4,+32.48,124.5,92.0,65.8,+.067,+11.17,110.7,99.5,+1.31
4,Arizona,P12,34-4,+32.36,119.9,87.5,65.8,-.033,+7.37,108.3,100.9,+0.09
5,Villanova,BE,33-3,+30.65,122.7,92.0,64.2,+.031,+7.67,108.2,100.6,+0.23
6,Virginia,ACC,30-4,+30.06,115.6,85.5,58.0,+.023,+8.21,108.5,100.3,+0.46
7,Gonzaga,WCC,35-3,+27.78,121.7,93.9,64.7,+.018,+4.37,107.3,102.9,+3.00
8,Utah,P12,26-9,+27.24,116.4,89.2,60.5,-.054,+8.19,108.8,100.6,+0.60
9,Notre Dame,ACC,32-6,+24.96,125.4,100.4,63.4,+.062,+7.59,107.7,100.1,-11.62
10,North Carolina,ACC,26-12,+23.85,119.1,95.3,69.2,-.026,+12.76,111.1,98.3,+7.64
11,Oklahoma,B12,24-11,+22.80,112.5,89.7,66.7,-.045,+11.00,110.2,99.2,+1.05
12,Kansas,B12,27-9,+22.72,114.5,91.8,67.0,+.070,+13.17,110.6,97.4,+9.57
13,Wichita St.,MVC,30-5,+22.21,115.8,93.6,62.3,+.022,+3.24,105.5,102.3,+3.44
14,Baylor,B12,24-10,+22.14,116.6,94.5,61.5,-.035,+10.22,108.9,98.7,-0.51
15,Michigan St.,B10,27-12,+21.72,116.6,94.9,63.1,-.017,+10.49,110.3,99.8,-0.88
16,Iowa St.,B12,25-9,+21.49,119.0,97.5,69.6,+.005,+10.59,109.0,98.5,-1.18
17,Louisville,ACC,27-9,+21.21,110.2,88.9,64.6,+.027,+9.69,109.5,99.8,-2.36
18,Northern Iowa,MVC,31-4,+20.98,116.3,95.3,58.2,+.018,+1.42,104.4,103.0,+0.61
19,Ohio St.,B10,24-11,+20.75,115.6,94.8,65.2,-.043,+6.76,108.1,101.4,-7.41
20,Butler,BE,23-11,+20.09,110.2,90.1,63.2,-.023,+9.72,110.6,100.9,+0.69
21,Xavier,BE,23-14,+19.49,116.6,97.1,65.0,-.062,+10.29,109.5,99.2,+2.07
22,Georgetown,BE,22-11,+19.13,114.3,95.1,64.0,-.000,+10.23,110.5,100.3,+3.24
23,Iowa,B10,22-12,+19.02,114.2,95.1,63.7,-.007,+8.58,108.9,100.4,-1.58
24,Texas,B12,20-14,+18.94,112.4,93.4,62.0,-.079,+9.52,108.3,98.8,-2.47
25,West Virginia,B12,25-10,+17.64,112.6,94.9,67.9,+.087,+9.56,108.9,99.3,-2.65
26,SMU,Amer,27-7,+17.51,113.1,95.6,63.1,-.004,+2.52,105.3,102.8,+0.99
27,Providence,BE,22-12,+16.72,112.6,95.9,65.2,+.038,+10.26,109.7,99.4,+2.18
28,BYU,WCC,25-10,+16.69,119.4,102.7,70.4,-.055,+3.96,107.0,103.0,+3.78
29,Arkansas,SEC,27-9,+16.44,114.7,98.3,69.3,+.045,+6.09,107.2,101.1,-3.44
30,VCU,A10,26-10,+16.27,111.1,94.9,66.5,+.043,+6.65,107.9,101.2,+8.77
31,San Diego St.,MWC,27-9,+15.95,104.9,89.0,60.4,+.026,+3.63,106.1,102.5,+3.50
32,North Carolina St.,ACC,22-14,+15.93,114.9,98.9,64.1,-.003,+9.84,109.3,99.5,-0.65
33,Maryland,B10,28-7,+15.68,111.3,95.7,63.9,+.127,+7.15,108.3,101.1,-3.33
34,Florida,SEC,16-17,+15.39,107.3,91.9,62.7,-.117,+10.08,109.5,99.4,+4.19
35,Georgia,SEC,21-12,+15.09,109.6,94.5,64.1,+.001,+8.73,108.6,99.9,+1.41
36,Davidson,A10,24-8,+15.00,119.7,104.7,66.7,+.056,+3.16,105.3,102.2,-3.78
37,Vanderbilt,SEC,21-14,+14.99,115.6,100.6,63.4,-.110,+5.49,106.1,100.6,-3.96
38,Oklahoma St.,B12,18-14,+14.92,111.8,96.8,63.3,-.045,+10.42,108.2,97.8,-1.65
39,Stanford,P12,24-13,+14.72,113.6,98.9,65.2,+.006,+6.86,108.2,101.4,+0.79
40,UCLA,P12,22-14,+14.65,112.9,98.2,65.8,+.032,+8.40,107.9,99.5,+2.63
41,Miami FL,ACC,25-13,+14.49,112.5,98.1,62.5,+.022,+7.00,107.5,100.5,-1.99
42,Dayton,A10,27-9,+14.24,109.2,95.0,63.4,+.022,+3.39,105.4,102.0,+0.07
43,Cincinnati,Amer,23-11,+14.15,108.2,94.0,59.8,-.016,+3.39,104.9,101.5,+1.69
44,Purdue,B10,21-13,+13.96,110.9,97.0,64.3,-.006,+7.45,109.0,101.6,-2.75
45,Oregon,P12,26-10,+13.88,115.2,101.3,66.6,+.119,+7.28,108.4,101.1,-2.34
46,Mississippi,SEC,21-13,+13.88,114.5,100.6,66.2,-.033,+7.10,107.3,100.2,-1.19
47,Boise St.,MWC,25-9,+13.85,111.9,98.1,62.8,+.009,+0.94,104.8,103.9,-0.31
48,Indiana,B10,20-14,+13.83,119.8,106.0,66.6,-.044,+6.92,107.8,100.9,-5.96
49,LSU,SEC,22-11,+13.76,108.9,95.1,69.3,-.043,+5.09,106.2,101.2,-4.77
50,St. John's,BE,21-12,+13.70,110.7,97.0,66.7,+.050,+8.72,109.0,100.3,-1.50
51,Stephen F. Austin,Slnd,29-5,+13.64,113.9,100.3,65.4,+.020,-5.56,102.2,107.7,+0.63
52,Minnesota,B10,18-15,+13.06,112.7,99.7,67.3,-.099,+6.80,107.0,100.2,-5.45
53,Syracuse,ACC,18-13,+12.78,107.0,94.2,65.8,-.025,+7.16,108.3,101.1,-1.73
54,Texas A&M,SEC,21-12,+12.31,109.4,97.1,63.7,-.010,+4.90,106.5,101.6,-2.77
55,Alabama,SEC,19-15,+12.28,111.6,99.3,62.2,-.032,+7.98,108.2,100.3,-1.61
56,TCU,B12,18-15,+12.25,108.8,96.6,63.6,-.081,+5.46,106.5,101.0,-15.20
57,Murray St.,OVC,29-6,+12.04,116.5,104.5,66.8,+.076,-2.61,102.8,105.4,-1.08
58,Buffalo,MAC,23-10,+11.87,111.3,99.4,68.3,+.001,+1.83,106.0,104.2,+0.81
59,Richmond,A10,21-14,+11.76,108.6,96.8,61.8,-.078,+3.33,105.8,102.5,-0.58
60,Rhode Island,A10,23-10,+11.74,103.9,92.2,66.0,-.006,+2.15,104.5,102.4,-2.87
61,Illinois,B10,19-14,+11.68,108.3,96.7,64.8,-.026,+6.59,107.8,101.2,-4.22
62,Illinois St.,MVC,22-13,+11.67,107.7,96.1,64.7,-.050,+3.20,106.1,102.9,+1.90
63,South Carolina,SEC,17-16,+11.32,105.6,94.3,64.1,-.048,+8.15,108.3,100.1,+0.34
64,Valparaiso,Horz,28-6,+11.13,107.4,96.3,62.3,+.053,-2.06,104.2,106.3,-3.69
65,Arizona St.,P12,18-16,+11.13,109.8,98.7,65.8,-.035,+6.57,106.7,100.2,-2.47
66,Temple,Amer,26-11,+11.10,105.3,94.2,65.4,+.065,+2.21,104.8,102.6,+0.89
67,Saint Mary's,WCC,21-10,+10.36,110.9,100.6,62.6,+.027,+2.32,106.7,104.3,-1.13
68,Georgia St.,SB,25-10,+10.32,111.6,101.3,62.4,-.003,-1.47,102.4,103.9,+3.63
69,George Washington,A10,22-13,+10.19,108.4,98.2,61.9,+.009,+3.34,105.7,102.4,-1.96
70,Old Dominion,CUSA,27-8,+10.19,106.5,96.3,59.9,+.047,-1.58,103.6,105.1,-1.21
71,Green Bay,Horz,24-9,+10.11,104.7,94.6,64.9,+.031,+0.01,105.4,105.4,+1.78
72,Colorado St.,MWC,27-7,+10.01,111.6,101.6,66.6,+.087,-0.22,103.9,104.1,-1.63
73,Connecticut,Amer,20-15,+9.98,107.7,97.7,62.1,-.065,+3.07,104.8,101.7,+4.02
74,Michigan,B10,16-16,+9.55,110.0,100.5,59.7,-.008,+9.39,109.4,100.0,+0.28
75,Harvard,Ivy,22-8,+9.23,104.8,95.6,61.1,+.091,-0.18,104.3,104.5,+0.36
76,Louisiana Tech,CUSA,27-9,+9.18,109.0,99.8,67.4,+.033,-1.56,103.0,104.6,-3.75
77,Yale,Ivy,22-10,+8.78,107.3,98.6,61.9,+.029,+0.89,104.4,103.5,+3.94
78,Pittsburgh,ACC,19-15,+8.65,113.5,104.8,60.6,+.012,+6.35,107.7,101.4,-3.79
79,Creighton,BE,14-19,+8.36,111.0,102.6,62.1,-.083,+7.79,107.9,100.1,-3.41
80,Central Michigan,MAC,23-9,+8.23,114.9,106.6,64.4,+.015,-1.27,104.4,105.7,-12.27
81,Kansas St.,B12,15-17,+8.18,106.6,98.4,62.1,+.010,+10.32,108.9,98.6,-1.28
82,Penn St.,B10,18-16,+8.08,105.3,97.2,65.4,+.004,+5.97,107.5,101.5,-5.04
83,Seton Hall,BE,16-15,+7.98,109.3,101.3,65.7,+.012,+8.21,108.3,100.1,-2.53
84,Clemson,ACC,16-15,+7.82,104.5,96.7,61.6,+.009,+6.49,108.1,101.6,-3.83
85,Tulsa,Amer,23-11,+7.75,102.6,94.9,63.9,+.096,+1.82,105.3,103.5,+0.61
86,Georgia Tech,ACC,12-19,+7.67,103.7,96.0,63.7,-.070,+8.38,109.0,100.6,+0.43
87,Memphis,Amer,18-14,+7.51,105.5,98.0,66.2,-.033,+1.21,104.0,102.7,-1.46
88,Toledo,MAC,20-13,+7.46,113.3,105.8,66.4,-.030,+0.92,105.5,104.6,-0.32
89,Cleveland St.,Horz,19-15,+7.42,108.3,100.9,61.1,-.098,+0.26,104.4,104.1,+1.57
90,Tennessee,SEC,16-16,+7.24,109.5,102.3,60.4,+.030,+8.26,108.1,99.9,+0.49
91,UC Irvine,BW,21-13,+7.09,106.3,99.2,63.4,-.022,+0.90,104.7,103.8,+2.29
92,Colorado,P12,16-18,+7.09,107.5,100.5,65.0,-.041,+5.63,107.7,102.1,-0.94
93,Marquette,BE,13-19,+6.88,105.3,98.5,63.7,-.043,+9.97,110.5,100.5,-1.17
94,South Dakota St.,Sum,24-11,+6.85,108.8,102.0,66.1,-.006,-3.73,103.0,106.7,-1.28
95,Sam Houston St.,Slnd,26-9,+6.84,103.4,96.5,64.9,-.055,-7.28,101.4,108.6,-0.16
96,Wofford,SC,28-7,+6.72,105.2,98.5,60.5,+.122,-3.98,104.0,108.0,+6.79
97,UTEP,CUSA,22-11,+6.64,106.2,99.6,64.7,-.004,-1.56,103.9,105.5,+0.66
98,New Mexico St.,WAC,23-11,+6.63,107.4,100.8,63.0,-.042,-5.37,101.1,106.5,+1.78
99,Florida St.,ACC,17-16,+6.37,105.6,99.3,65.9,+.038,+5.95,107.6,101.6,-4.74
100,Iona,MAAC,26-9,+6.18,113.6,107.4,69.7,+.048,-2.25,102.1,104.4,+1.64
101,UC Davis,BW,25-7,+6.14,112.3,106.2,62.9,+.067,-2.30,103.3,105.6,-5.95
102,UNLV,MWC,18-15,+6.13,107.9,101.7,65.1,-.029,+2.73,104.5,101.8,+6.77
103,La Salle,A10,17-16,+6.02,101.3,95.3,64.1,-.017,+4.11,106.1,101.9,+2.55
104,North Carolina Central,MEAC,25-8,+6.00,105.4,99.4,59.4,+.027,-9.20,98.3,107.4,+3.98
105,UC Santa Barbara,BW,19-14,+6.00,109.3,103.3,62.6,-.034,+1.58,104.6,103.1,+5.00
106,San Diego,WCC,15-16,+5.95,104.0,98.0,62.9,-.076,+3.73,107.4,103.7,+2.66
107,Oregon St.,P12,17-14,+5.90,100.0,94.1,60.5,+.013,+4.76,107.3,102.5,-5.80
108,Akron,MAC,21-14,+5.77,105.1,99.4,63.6,-.042,-0.98,104.0,105.0,-7.63
109,Wyoming,MWC,25-10,+5.67,104.8,99.1,59.1,+.083,-1.04,103.0,104.1,-10.31
110,Boston College,ACC,13-19,+5.61,107.9,102.3,63.4,-.035,+8.01,108.0,100.0,-4.64
111,Hofstra,CAA,20-14,+5.43,112.0,106.6,68.7,-.111,-5.12,102.0,107.2,-7.32
112,St. Bonaventure,A10,18-13,+5.31,105.4,100.1,64.4,+.009,+0.94,104.4,103.5,-6.08
113,California,P12,18-15,+5.25,104.2,99.0,65.3,+.062,+5.58,107.8,102.2,-3.07
114,Evansville,MVC,24-12,+5.25,106.6,101.3,66.2,+.039,-0.75,103.7,104.4,-5.22
115,Bowling Green,MAC,21-12,+5.20,105.9,100.7,63.7,+.006,-1.56,103.6,105.2,-5.19
116,William & Mary,CAA,20-13,+5.17,113.9,108.8,63.9,-.024,-0.65,103.6,104.2,+6.78
117,Northeastern,CAA,23-12,+5.12,108.3,103.1,63.3,+.025,-1.29,104.5,105.7,+1.80
118,Kent St.,MAC,23-12,+5.04,107.4,102.3,61.5,+.029,-0.47,104.4,104.8,-5.72
119,Washington,P12,16-15,+5.04,108.8,103.8,65.2,-.002,+4.84,105.8,101.0,-6.27
120,Wake Forest,ACC,13-19,+4.76,106.6,101.8,68.0,-.025,+7.89,108.7,100.8,-2.99
121,Nebraska,B10,13-18,+4.62,99.6,95.0,63.3,-.017,+7.59,109.1,101.5,-3.77
122,Northwestern,B10,15-17,+4.59,107.8,103.2,59.7,+.009,+6.74,108.8,102.1,-6.17
123,Vermont,AE,20-14,+4.38,103.3,99.0,64.4,-.118,-5.70,100.0,105.7,-0.54
124,Utah St.,MWC,18-13,+4.27,107.5,103.2,63.5,-.022,-0.36,103.5,103.8,-1.26
125,Massachusetts,A10,17-15,+4.16,106.5,102.3,67.0,+.069,+5.03,106.2,101.2,+6.20
126,Pepperdine,WCC,18-14,+4.10,100.5,96.4,63.5,+.014,+1.91,106.0,104.1,-6.18
127,Hawaii,BW,22-13,+3.73,105.1,101.4,68.9,-.009,-1.97,103.3,105.2,-5.29
128,Louisiana Lafayette,SB,22-14,+3.59,106.0,102.4,69.9,-.055,-3.14,102.0,105.2,-1.43
129,Eastern Kentucky,OVC,21-12,+3.46,106.3,102.8,63.5,-.030,-4.84,102.3,107.1,-2.63
130,Stony Brook,AE,23-12,+3.35,102.8,99.5,64.1,+.019,-3.44,101.6,105.0,+4.10
131,Albany,AE,24-9,+3.29,107.2,103.9,60.8,+.054,-5.50,100.4,105.9,+0.18
132,Loyola Chicago,MVC,24-13,+3.28,105.9,102.6,61.1,+.079,-0.36,103.3,103.7,-3.54
133,Eastern Washington,BSky,26-9,+3.25,112.9,109.6,68.2,+.067,-3.75,104.2,108.0,+3.94
134,Portland,WCC,17-16,+3.23,109.0,105.8,64.2,-.035,+1.98,106.6,104.6,-4.48
135,UAB,CUSA,20-16,+3.06,104.9,101.9,64.7,+.025,+0.29,103.9,103.6,+3.40
136,Long Beach St.,BW,16-17,+3.05,104.0,100.9,65.2,+.032,+6.36,107.5,101.1,+15.31
137,New Mexico,MWC,15-16,+2.82,101.6,98.7,62.0,-.068,+0.64,104.5,103.9,-3.48
138,Eastern Michigan,MAC,21-14,+2.69,101.8,99.2,66.0,-.001,-0.32,105.7,106.0,-4.35
139,Auburn,SEC,15-20,+2.45,105.8,103.3,67.2,+.058,+7.98,107.3,99.3,+1.26
140,Coastal Carolina,BSth,24-10,+2.38,106.7,104.3,64.1,+.006,-6.45,102.2,108.6,-1.05
141,Western Kentucky,CUSA,20-12,+2.28,105.0,102.7,66.3,+.039,-1.05,103.0,104.0,+3.69
142,Belmont,OVC,22-11,+2.27,110.2,107.9,66.9,+.065,-3.33,102.4,105.7,-1.68
143,North Florida,ASun,23-12,+2.26,108.4,106.2,67.1,-.022,-7.19,101.0,108.2,+2.23
144,San Francisco,WCC,14-18,+2.16,105.7,103.5,65.5,-.082,+2.01,106.6,104.6,-3.60
145,High Point,BSth,23-10,+2.03,108.4,106.4,62.2,+.103,-3.50,103.7,107.2,+4.07
146,Charlotte,CUSA,14-18,+1.92,109.9,108.0,66.8,-.105,+0.30,103.4,103.1,+4.53
147,Georgia Southern,SB,22-9,+1.89,100.5,98.6,63.4,+.022,-5.07,100.9,106.0,-8.48
148,Tennessee Martin,OVC,21-13,+1.84,109.2,107.3,62.0,+.033,-2.12,103.2,105.3,-0.59
149,Canisius,MAAC,18-15,+1.81,103.6,101.8,63.4,-.049,-2.64,102.0,104.7,+0.33
150,DePaul,BE,12-20,+1.77,108.6,106.8,67.0,-.001,+7.69,108.3,100.6,-3.42
151,USC,P12,12-20,+1.46,101.6,100.1,68.0,-.005,+5.52,107.0,101.5,-4.71
152,North Dakota St.,Sum,23-10,+1.41,103.8,102.4,60.8,+.105,-4.21,102.9,107.1,-5.50
153,Cal Poly,BW,13-16,+1.24,102.9,101.7,58.6,-.056,+2.15,105.9,103.7,+6.11
154,Morehead St.,OVC,17-17,+0.98,104.1,103.1,64.9,-.094,-2.55,103.7,106.2,+1.12
155,Texas Tech,B12,13-19,+0.97,102.3,101.3,61.6,-.016,+6.91,107.4,100.5,-10.95
156,Western Michigan,MAC,20-14,+0.86,108.0,107.1,65.0,+.058,+0.56,105.1,104.5,-2.13
157,St. Francis NY,NEC,23-12,+0.62,103.6,103.0,64.5,-.020,-7.43,99.9,107.3,-4.21
158,Middle Tennessee,CUSA,19-17,+0.59,102.3,101.7,61.0,+.003,-0.57,103.7,104.3,+1.22
159,Mississippi St.,SEC,13-19,+0.58,100.7,100.1,63.8,-.034,+4.23,106.2,102.0,-8.42
160,Princeton,Ivy,16-14,+0.55,107.4,106.9,64.6,-.032,-2.94,101.8,104.8,-4.28
161,Saint Joseph's,A10,13-18,+0.34,100.3,100.0,63.3,-.006,+2.25,104.4,102.1,-2.47
162,Manhattan,MAAC,19-14,+0.31,101.9,101.6,67.7,-.001,-3.59,102.0,105.6,-0.40
163,Rider,MAAC,21-12,+0.17,101.2,101.0,64.2,+.086,-3.44,102.1,105.5,-2.30
164,Montana,BSky,20-13,+0.15,106.0,105.8,62.0,+.003,-4.19,104.3,108.4,+5.09
165,Columbia,Ivy,13-15,+0.12,107.5,107.4,60.2,-.090,-2.22,102.2,104.4,-3.11
166,Chattanooga,SC,22-10,+0.09,105.6,105.5,64.5,+.101,-6.12,102.4,108.5,-0.75
167,Oakland,Horz,16-17,+0.06,111.4,111.3,66.5,+.019,+1.90,105.5,103.6,+9.10
168,Dartmouth,Ivy,14-15,-0.67,102.0,102.7,63.4,-.027,-2.13,102.4,104.5,-3.61
169,Indiana St.,MVC,15-16,-0.70,102.7,103.4,66.6,+.015,+0.23,103.5,103.2,-4.16
170,Louisiana Monroe,SB,24-14,-0.71,99.0,99.7,61.8,+.070,-2.63,102.4,105.1,+2.38
171,Radford,BSth,22-12,-0.77,105.6,106.3,65.0,+.058,-4.69,102.6,107.2,+0.34
172,IPFW,Sum,16-15,-0.82,107.7,108.5,64.5,-.051,-2.98,102.6,105.5,+0.12
173,NJIT,ind,21-12,-0.85,105.5,106.4,66.2,+.049,-4.15,101.9,106.0,-4.53
174,UNC Wilmington,CAA,18-14,-0.90,101.5,102.4,67.5,+.059,-1.54,104.1,105.7,+2.03
175,Virginia Tech,ACC,11-22,-0.92,106.3,107.2,63.6,-.042,+5.80,107.3,101.5,-11.65
176,Winthrop,BSth,19-13,-0.94,104.8,105.7,65.8,-.051,-6.86,101.0,107.9,-3.87
177,Quinnipiac,MAAC,15-15,-1.09,103.0,104.1,66.3,-.092,-4.91,100.8,105.7,-4.85
178,Northern Arizona,BSky,23-15,-1.12,102.2,103.4,64.8,+.063,-3.88,104.7,108.6,+2.99
179,Northern Illinois,MAC,14-16,-1.20,102.8,104.0,62.5,+.005,+0.46,105.6,105.1,-4.01
180,Colgate,Pat,16-17,-1.24,108.0,109.2,60.7,-.055,-3.48,102.8,106.3,+3.71
181,USC Upstate,ASun,24-12,-1.25,103.5,104.7,63.3,-.025,-9.37,99.8,109.2,-7.74
182,Detroit,Horz,15-18,-1.34,103.3,104.6,67.3,-.008,+0.91,106.0,105.1,+4.35
183,Monmouth,MAAC,18-15,-1.38,100.8,102.1,63.6,+.012,-3.53,102.1,105.6,-3.20
184,Robert Morris,NEC,20-15,-1.39,103.1,104.5,65.4,+.055,-4.59,102.7,107.3,+2.49
185,Mercer,SC,19-16,-1.52,104.5,106.0,60.9,-.049,-5.49,102.1,107.6,+2.33
186,Washington St.,P12,13-18,-1.67,109.1,110.8,67.2,+.085,+6.52,107.6,101.1,-1.81
187,Saint Peter's,MAAC,16-18,-1.72,100.0,101.7,60.2,-.067,-4.04,101.5,105.5,-3.40
188,American,Pat,17-16,-1.77,102.5,104.2,56.8,+.015,-2.32,103.7,106.0,+2.69
189,New Hampshire,AE,19-13,-1.86,100.9,102.8,63.9,-.027,-6.30,100.3,106.6,-3.25
190,Florida Gulf Coast,ASun,22-11,-1.92,101.6,103.6,64.2,+.044,-6.76,102.1,108.9,+1.54
191,Norfolk St.,MEAC,20-14,-2.01,105.5,107.5,64.6,+.027,-6.20,100.2,106.4,+6.54
192,Missouri,SEC,9-23,-2.09,102.0,104.1,62.0,-.019,+9.07,108.3,99.3,+2.99
193,Lafayette,Pat,20-13,-2.14,112.9,115.1,64.6,+.097,-4.01,103.0,107.0,-0.45
194,Santa Clara,WCC,14-18,-2.14,105.9,108.0,61.1,+.019,+3.42,107.0,103.5,-0.33
195,Charleston Southern,BSth,19-12,-2.17,107.0,109.2,65.2,+.053,-4.72,102.6,107.4,+4.65
196,Sacramento St.,BSky,21-12,-2.33,109.0,111.3,61.9,+.074,-6.03,103.0,109.1,-4.10
197,UT Arlington,SB,16-15,-2.41,103.4,105.9,69.6,+.023,-3.22,101.5,104.8,+1.46
198,Rutgers,B10,10-22,-2.45,98.7,101.1,64.9,+.037,+8.39,108.6,100.3,-0.01
199,James Madison,CAA,19-14,-2.69,105.5,108.2,63.9,+.103,-2.73,103.8,106.5,-2.91
200,Bucknell,Pat,19-15,-2.80,105.8,108.6,64.2,+.076,-3.27,103.7,107.0,+1.96
201,Lehigh,Pat,16-14,-2.81,99.9,102.7,66.2,+.007,-4.12,103.2,107.3,+1.01
202,Cornell,Ivy,13-17,-2.87,96.9,99.7,64.2,-.032,-1.46,102.7,104.1,-1.89
203,Fresno St.,MWC,15-17,-2.92,102.8,105.7,64.9,+.068,+1.53,103.7,102.1,-0.26
204,Air Force,MWC,14-17,-3.01,108.1,111.2,61.7,-.065,-1.17,102.6,103.8,-11.14
205,George Mason,A10,9-22,-3.08,102.9,106.0,64.0,-.032,+4.64,105.8,101.1,+2.98
206,Oral Roberts,Sum,19-15,-3.17,106.2,109.4,65.5,+.097,-1.64,102.8,104.4,+2.83
207,Maryland Eastern Shore,MEAC,18-15,-3.33,104.5,107.8,64.4,+.040,-5.65,100.5,106.2,+3.39
208,Fordham,A10,10-21,-3.49,102.0,105.5,65.4,-.060,+2.63,104.0,101.4,-4.76
209,UTSA,CUSA,14-16,-3.59,106.4,110.0,65.9,-.051,-3.46,101.5,105.0,-5.67
210,Rice,CUSA,12-20,-3.62,102.0,105.6,62.0,-.061,-1.32,103.6,104.9,-1.93
211,Milwaukee,Horz,14-16,-3.76,103.1,106.9,64.4,+.043,+0.89,105.6,104.7,+3.08
212,Gardner Webb,BSth,20-15,-3.84,107.6,111.4,67.4,+.085,-1.92,103.9,105.8,+6.81
213,Texas Southern,SWAC,22-13,-3.84,104.1,107.9,63.3,+.128,-6.74,100.0,106.8,+15.16
214,Houston,Amer,13-19,-3.85,101.4,105.2,64.2,-.057,-2.75,101.8,104.6,-14.23
215,Miami OH,MAC,13-19,-4.02,102.5,106.6,64.6,+.009,-0.08,104.3,104.4,-5.44
216,UC Riverside,BW,14-17,-4.22,98.5,102.8,65.3,+.013,-0.71,104.4,105.1,-3.48
217,Duquesne,A10,12-19,-4.26,108.6,112.9,67.3,-.015,+1.03,103.7,102.7,-8.19
218,East Tennessee St.,SC,16-14,-4.29,103.2,107.5,67.7,+.036,-4.13,103.2,107.3,+4.74
219,South Dakota,Sum,17-16,-4.36,103.4,107.8,65.2,+.032,-3.12,103.1,106.3,-1.23
220,Tulane,Amer,15-16,-4.37,99.8,104.2,63.0,+.031,-1.34,102.0,103.4,-9.69
221,St. Francis PA,NEC,16-16,-4.58,99.8,104.4,62.7,+.018,-4.10,102.0,106.1,+3.61
222,Denver,Sum,12-18,-4.58,106.0,110.6,57.1,-.067,-3.73,102.8,106.6,-2.16
223,Southern Illinois,MVC,12-21,-4.79,98.8,103.6,62.2,-.054,-0.87,103.0,103.9,-8.22
224,East Carolina,Amer,14-19,-4.89,103.7,108.6,61.2,-.002,+0.04,103.2,103.2,-6.07
225,Eastern Illinois,OVC,18-15,-4.95,100.3,105.2,63.2,+.119,-1.20,104.4,105.6,+2.87
226,Mount St. Mary's,NEC,15-15,-4.97,98.5,103.4,62.4,+.040,-4.84,102.0,106.9,+5.25
227,Texas A&M Corpus Chris,Slnd,20-14,-5.05,100.8,105.9,62.7,+.040,-7.36,101.3,108.6,-5.46
228,Incarnate Word,Slnd,18-11,-5.06,107.5,112.6,67.4,+.041,-6.57,101.1,107.7,+5.19
229,Northwestern St.,Slnd,19-13,-5.11,112.5,117.6,73.2,+.054,-5.20,101.7,106.9,+10.52
230,Texas St.,SB,14-17,-5.20,93.7,98.9,61.2,-.033,-3.05,102.5,105.6,+1.05
231,Idaho,BSky,13-17,-5.29,107.7,112.9,67.5,-.070,-4.51,104.3,108.8,+1.05
232,Ohio,MAC,10-20,-5.47,103.0,108.5,66.4,-.040,+0.75,104.9,104.2,-4.22
233,Southeast Missouri St.,OVC,13-17,-5.54,102.8,108.4,65.6,-.061,-4.11,102.4,106.5,-3.94
234,Western Carolina,SC,15-17,-5.60,101.9,107.5,65.7,+.009,-3.30,103.8,107.1,+4.95
235,Arkansas Little Rock,SB,13-18,-5.63,104.3,109.9,64.3,-.048,-4.76,100.6,105.4,-4.87
236,Bryant,NEC,16-15,-5.85,104.1,109.9,63.1,+.064,-4.60,101.4,106.0,+2.86
237,UNC Asheville,BSth,15-16,-6.14,102.4,108.6,67.8,-.024,-4.43,102.8,107.2,+1.11
238,Sacred Heart,NEC,15-17,-6.16,103.4,109.6,68.5,-.013,-6.61,100.8,107.4,-3.30
239,Boston University,Pat,13-17,-6.29,106.4,112.7,64.2,+.006,-3.45,102.9,106.4,+1.66
240,Pacific,WCC,12-19,-6.31,103.1,109.5,61.4,+.052,+2.88,106.7,103.8,-2.53
241,Cal St. Bakersfield,WAC,14-19,-6.44,99.7,106.2,60.5,-.124,-6.99,99.9,106.9,-2.96
242,Holy Cross,Pat,14-16,-6.49,101.2,107.7,63.6,+.030,-3.91,103.2,107.1,+1.85
243,Wright St.,Horz,11-20,-6.53,99.0,105.5,63.0,-.028,+0.02,105.4,105.3,+0.87
244,Seattle,WAC,18-16,-6.64,98.3,104.9,62.3,+.016,-7.33,100.3,107.7,-5.33
245,North Texas,CUSA,14-17,-6.66,98.6,105.2,65.5,+.046,-1.29,103.8,105.1,-1.86
246,Northern Kentucky,ASun,13-17,-6.72,104.2,110.9,63.6,-.058,-5.02,103.7,108.7,+2.94
247,Tennessee Tech,OVC,12-18,-6.88,104.2,111.1,66.2,-.052,-3.30,102.7,106.0,-1.43
248,SIU Edwardsville,OVC,12-16,-6.90,97.9,104.8,66.3,-.043,-4.50,102.8,107.3,-5.19
249,Elon,CAA,15-18,-7.23,98.5,105.7,68.0,+.053,-3.20,104.0,107.2,-4.22
250,Drexel,CAA,11-19,-7.24,99.3,106.5,60.7,+.003,-1.50,103.7,105.2,+2.20
251,Hampton,MEAC,17-18,-7.40,96.6,104.0,69.2,+.031,-7.48,99.5,106.9,-0.55
252,Northern Colorado,BSky,15-15,-7.45,110.4,117.9,63.2,-.013,-6.44,102.3,108.7,-2.53
253,Army,Pat,15-15,-7.50,100.2,107.8,69.2,+.032,-6.16,102.3,108.4,-7.18
254,Bradley,MVC,9-24,-7.51,93.7,101.3,62.1,-.043,+0.92,104.9,104.0,-3.60
255,Missouri St.,MVC,11-20,-7.52,98.9,106.5,61.3,-.010,+1.51,104.8,103.3,-1.06
256,Nebraska Omaha,Sum,12-17,-7.57,102.9,110.5,73.4,-.042,-5.38,101.5,106.9,-6.69
257,Ball St.,MAC,7-23,-7.65,100.4,108.0,63.5,-.130,+1.38,104.8,103.4,-4.30
258,Portland St.,BSky,15-14,-7.77,102.9,110.7,65.9,+.071,-4.64,104.2,108.9,+1.51
259,Howard,MEAC,16-16,-7.91,93.9,101.9,62.7,+.016,-6.17,100.7,106.9,+2.76
260,Delaware,CAA,10-20,-7.92,101.7,109.6,65.3,+.024,-1.68,103.8,105.5,-0.07
261,Marshall,CUSA,11-21,-8.05,96.3,104.3,69.9,-.049,-0.99,102.6,103.5,+0.23
262,Delaware St.,MEAC,18-18,-8.25,101.5,109.7,67.1,+.063,-4.87,100.5,105.4,+6.76
263,Grand Canyon,WAC,17-15,-8.29,106.5,114.8,64.5,+.021,-9.20,98.7,107.9,-7.39
264,Alabama St.,SWAC,19-10,-8.31,97.8,106.1,67.5,+.030,-15.38,94.7,110.1,-2.60
265,Siena,MAAC,11-20,-8.31,105.7,114.0,66.0,-.010,-3.15,101.8,105.0,-0.81
266,Weber St.,BSky,13-17,-8.35,99.9,108.3,62.7,+.040,-3.71,104.1,107.8,+4.19
267,Towson,CAA,12-20,-8.38,100.9,109.3,60.3,-.025,-4.15,102.1,106.3,-5.78
268,Brown,Ivy,13-18,-8.42,99.4,107.8,67.4,+.049,-1.94,102.2,104.1,-3.82
269,Cal St. Northridge,BW,9-24,-8.44,100.8,109.2,64.8,-.041,+0.92,104.6,103.6,+0.57
270,Nevada,MWC,9-22,-8.54,97.8,106.4,63.7,-.083,+0.53,103.8,103.3,-2.98
271,Loyola Marymount,WCC,8-23,-8.56,103.0,111.6,62.3,+.024,+5.36,107.5,102.2,+5.16
272,FIU,CUSA,16-17,-8.57,96.0,104.6,64.6,+.090,-3.13,101.8,104.9,-5.58
273,Youngstown St.,Horz,11-21,-8.93,106.0,114.9,67.0,+.013,-0.54,104.2,104.7,-1.93
274,South Florida,Amer,9-23,-9.02,99.2,108.3,63.7,-.024,+2.00,104.3,102.3,-0.91
275,Drake,MVC,9-22,-9.03,105.3,114.3,58.9,-.027,+2.66,104.5,101.9,+2.05
276,Lamar,Slnd,15-15,-9.03,100.0,109.1,65.9,+.030,-5.28,102.6,107.9,+4.48
277,Navy,Pat,13-19,-9.04,98.9,107.9,61.0,+.005,-4.89,103.5,108.4,-3.04
278,Southern,SWAC,18-17,-9.15,94.0,103.1,64.7,+.018,-8.39,99.1,107.5,+10.10
279,College of Charleston,CAA,9-24,-9.32,96.1,105.5,60.8,-.075,-1.55,104.8,106.3,+1.30
280,IUPUI,Sum,10-21,-9.43,94.0,103.4,63.2,+.069,-1.11,104.5,105.6,+3.41
281,UCF,Amer,12-18,-9.58,102.7,112.3,64.0,+.075,-1.27,102.7,104.0,-9.44
282,Illinois Chicago,Horz,10-24,-9.61,101.2,110.8,64.4,-.009,+0.10,104.8,104.7,+0.49
283,Appalachian St.,SB,12-17,-9.63,98.3,107.9,65.3,+.074,-2.64,102.5,105.1,+0.27
284,Hartford,AE,14-16,-9.65,97.4,107.1,63.0,+.076,-5.40,100.2,105.6,-1.91
285,UNC Greensboro,SC,11-22,-9.70,99.8,109.5,65.7,-.125,-5.47,103.0,108.5,-2.42
286,UMKC,WAC,14-19,-9.74,98.2,107.9,63.5,-.014,-5.72,101.6,107.3,-0.07
287,Troy,SB,10-19,-9.75,99.8,109.5,64.7,-.054,-5.21,100.5,105.7,-10.43
288,LIU Brooklyn,NEC,12-18,-9.82,97.0,106.8,67.4,+.039,-5.33,101.0,106.3,-0.74
289,Saint Louis,A10,11-21,-9.85,95.9,105.8,62.8,+.065,+1.32,104.2,102.9,-5.41
290,Florida Atlantic,CUSA,9-20,-10.28,98.7,109.0,63.9,-.053,-2.27,102.4,104.7,-2.59
291,Penn,Ivy,9-19,-10.46,97.7,108.2,63.3,+.024,-0.88,103.1,104.0,-1.90
292,Cal St. Fullerton,BW,9-22,-10.62,99.1,109.7,65.7,-.009,-0.35,103.3,103.7,-2.31
293,Samford,SC,13-19,-10.69,102.0,112.6,66.1,+.010,-6.94,101.5,108.5,-6.13
294,VMI,SC,11-19,-10.78,98.4,109.2,76.5,-.050,-4.85,103.0,107.9,+0.35
295,Arkansas St.,SB,11-18,-10.83,96.2,107.0,65.7,+.023,-3.81,101.8,105.6,-3.98
296,Fairfield,MAAC,7-24,-10.90,95.4,106.3,61.2,-.085,-2.99,102.6,105.6,-1.87
297,South Alabama,SB,12-21,-11.28,101.0,112.2,68.6,+.085,-2.60,101.4,104.0,+0.44
298,Lipscomb,ASun,14-17,-11.29,100.7,112.0,67.7,+.051,-4.47,103.2,107.7,+1.53
299,Niagara,MAAC,8-22,-11.41,99.8,111.2,64.7,-.004,-1.99,103.2,105.2,+2.77
300,McNeese St.,Slnd,15-16,-11.58,100.6,112.1,62.8,+.035,-6.37,102.2,108.6,+9.48
301,Campbell,BSth,10-22,-11.85,97.7,109.5,61.3,-.089,-4.38,103.8,108.2,-0.29
302,Prairie View A&M,SWAC,15-18,-11.98,97.4,109.4,68.6,+.013,-7.75,98.4,106.2,+8.65
303,UMass Lowell,AE,12-17,-12.46,94.1,106.6,63.7,+.077,-3.09,101.8,104.9,+2.94
304,Wagner,NEC,10-20,-12.49,98.9,111.4,67.2,-.013,-4.64,101.8,106.5,+1.98
305,Marist,MAAC,7-25,-12.74,94.6,107.4,65.0,+.033,-2.83,102.3,105.2,-2.36
306,Southeastern Louisiana,Slnd,9-23,-12.89,95.9,108.8,66.2,-.098,-7.01,101.7,108.8,+2.69
307,Southern Utah,BSky,10-19,-13.12,98.7,111.8,67.5,+.033,-5.57,103.0,108.5,-0.46
308,Loyola MD,Pat,11-19,-13.13,93.2,106.4,62.7,+.080,-3.62,102.9,106.5,-0.52
309,Furman,SC,11-22,-13.18,98.3,111.5,62.4,-.024,-4.21,103.5,107.7,+2.40
310,New Orleans,Slnd,11-18,-13.22,96.9,110.2,67.6,-.034,-6.78,101.6,108.4,+11.15
311,Jacksonville St.,OVC,12-19,-13.27,95.2,108.4,63.1,+.053,-3.72,102.7,106.5,-3.43
312,Jackson St.,SWAC,11-21,-13.50,91.2,104.7,63.2,-.094,-9.78,98.7,108.5,+2.54
313,Idaho St.,BSky,7-23,-13.77,97.5,111.3,63.4,-.092,-5.46,103.5,108.9,-2.50
314,North Dakota,BSky,8-22,-13.77,96.9,110.6,67.6,-.031,-3.51,104.5,108.0,+5.82
315,Southern Miss,CUSA,9-20,-13.78,97.3,111.0,62.0,+.038,+0.08,103.6,103.5,+0.77
316,Longwood,BSth,11-23,-13.80,97.4,111.2,66.4,+.025,-4.65,103.1,107.8,-0.67
317,Austin Peay,OVC,8-22,-14.20,94.8,109.0,66.6,-.004,-1.93,104.2,106.2,-0.21
318,Houston Baptist,Slnd,12-16,-14.21,101.3,115.5,66.2,+.029,-4.69,102.4,107.1,+3.61
319,Fairleigh Dickinson,NEC,8-21,-15.07,97.4,112.5,67.4,+.053,-4.48,102.3,106.8,+2.59
320,Montana St.,BSky,7-23,-15.16,95.7,110.8,65.3,-.056,-4.04,104.4,108.4,+1.95
321,Utah Valley,WAC,11-19,-16.10,92.9,109.0,61.9,+.007,-5.54,102.1,107.6,-0.53
322,Binghamton,AE,6-26,-16.41,94.0,110.4,63.0,-.047,-2.91,101.8,104.7,+1.78
323,Western Illinois,Sum,8-20,-16.66,91.5,108.1,66.6,+.036,-2.58,104.2,106.7,-2.10
324,Arkansas Pine Bluff,SWAC,12-20,-16.89,92.5,109.4,63.2,+.037,-8.36,99.3,107.7,+4.44
325,Coppin St.,MEAC,8-23,-17.04,99.1,116.1,73.7,-.008,-3.03,102.1,105.2,+9.27
326,Presbyterian,BSth,10-22,-18.09,96.6,114.7,62.0,-.005,-3.69,103.5,107.2,+3.82
327,Chicago St.,WAC,8-24,-18.17,89.3,107.5,62.6,-.012,-1.65,103.9,105.5,+6.56
328,Nicholls St.,Slnd,10-19,-18.36,90.0,108.3,66.1,+.025,-6.23,102.9,109.1,+11.17
329,The Citadel,SC,11-19,-18.59,103.2,121.8,58.6,+.077,-5.80,101.8,107.6,-2.71
330,Bethune Cookman,MEAC,11-21,-18.66,91.2,109.9,60.2,-.033,-11.26,98.7,110.0,-6.77
331,South Carolina St.,MEAC,11-22,-18.69,90.4,109.1,64.1,+.050,-6.33,100.0,106.4,+2.84
332,Morgan St.,MEAC,7-24,-18.87,94.3,113.2,64.4,+.029,-4.98,100.6,105.6,+2.66
333,Liberty,BSth,8-24,-18.87,90.8,109.7,65.8,-.059,-5.83,102.7,108.6,-4.48
334,Tennessee St.,OVC,5-26,-18.90,89.5,108.4,63.5,-.045,-1.39,103.5,104.9,+2.06
335,Texas Pan American,WAC,10-21,-18.99,93.5,112.5,63.9,+.033,-5.02,101.5,106.5,+0.16
336,Alabama A&M,SWAC,9-20,-19.09,95.0,114.1,63.5,-.021,-9.62,97.8,107.4,+7.67
337,North Carolina A&T,MEAC,9-23,-19.42,93.5,112.9,61.6,-.038,-7.53,98.9,106.5,+1.90
338,Stetson,ASun,9-22,-19.66,96.6,116.3,65.8,+.006,-6.52,101.8,108.4,-4.52
339,Savannah St.,MEAC,9-22,-19.67,87.4,107.1,64.5,+.013,-5.11,100.8,105.9,+7.58
340,Jacksonville,ASun,10-22,-19.74,96.3,116.1,63.8,-.023,-7.13,101.1,108.2,-5.71
341,Kennesaw St.,ASun,10-22,-20.61,93.7,114.3,65.1,+.039,-5.50,101.8,107.3,-2.41
342,Abilene Christian,Slnd,10-21,-20.63,93.2,113.8,63.8,-.003,-5.96,102.0,108.0,-1.93
343,UMBC,AE,4-26,-20.68,89.2,109.9,64.2,-.037,-5.09,100.3,105.4,-3.66
344,Central Connecticut,NEC,5-26,-20.70,92.9,113.6,62.8,-.012,-6.19,100.6,106.8,-3.89
345,Maine,AE,3-27,-21.87,93.7,115.5,65.9,-.020,-1.91,102.1,104.0,+3.44
346,Alcorn St.,SWAC,6-26,-24.34,92.9,117.3,66.8,-.059,-10.18,97.5,107.7,+5.37
347,San Jose St.,MWC,2-28,-24.59,86.5,111.0,63.8,-.030,+1.45,105.6,104.2,-1.49
348,Mississippi Valley St.,SWAC,6-26,-25.69,91.6,117.3,70.1,-.001,-7.60,98.8,106.4,+5.71
349,Central Arkansas,Slnd,2-27,-27.67,91.0,118.7,69.0,+.004,-6.32,101.7,108.0,-1.45
350,Florida A&M,MEAC,2-27,-31.73,85.4,117.1,65.3,-.020,-8.50,99.4,107.9,-2.52
351,Grambling St.,SWAC,2-27,-37.65,78.9,116.6,65.4,-.077,-8.68,99.1,107.8,+12.83
